{
    "1": 11.16285801,
    "2": 10.68258381,
    "3": 10.38729095,
    "4": 10.11673260,
    "5": 9.17118359,
    "6": 8.73199463,
    "7": 8.65343475,
    "8": 8.34175110,
    "9": 8.04741001,
    "10": 8.10519981
}
