{
    "1": 11.34600639,
    "2": 11.34600639,
    "3": 11.34327316,
    "4": 11.33656216,
    "5": 11.31196976,
    "6": 11.24282932,
    "7": 11.21237850,
    "8": 10.96853733,
    "9": 10.87826252,
    "10": 10.08072090
}
