{
    "1": 11.16273689,
    "2": 10.68179798,
    "3": 10.38825798,
    "4": 10.11691475,
    "5": 9.17171478,
    "6": 8.73268890,
    "7": 8.65378857,
    "8": 8.34297752,
    "9": 8.04710484,
    "10": 8.10612869
}