{
    "1": 11.16273689,
    "2": 10.68216419,
    "3": 10.38776207,
    "4": 10.11736870,
    "5": 9.17156696,
    "6": 8.73311329,
    "7": 8.65517139,
    "8": 8.34253025,
    "9": 8.04685688,
    "10": 8.10607529
}