{
    "1": 11.34600639,
    "2": 11.34600639,
    "3": 11.34340668,
    "4": 11.33686924,
    "5": 11.31226444,
    "6": 11.24212742,
    "7": 11.21318436,
    "8": 10.96764469,
    "9": 10.87788868,
    "10": 10.08083820
}