{
    "1": 11.16285801,
    "2": 10.68258381,
    "3": 10.38729095,
    "4": 10.11673260,
    "5": 9.17173672,
    "6": 8.73219299,
    "7": 8.65452766,
    "8": 8.34139347,
    "9": 8.04632568,
    "10": 8.10463428
}
