{
    "1": 11.34362030,
    "2": 11.34607792,
    "3": 11.34418011,
    "4": 11.33678532,
    "5": 11.31284046,
    "6": 11.24334621,
    "7": 11.21490288,
    "8": 10.97021961,
    "9": 10.87712669,
    "10": 10.07907391
}