{
    "1": 11.34383869,
    "2": 11.34383869,
    "3": 11.34120178,
    "4": 11.33613586,
    "5": 11.31068325,
    "6": 11.24035072,
    "7": 11.21352577,
    "8": 10.96175003,
    "9": 10.87003994,
    "10": 10.05220509
}