{
    "1": 11.34376907,
    "2": 11.34387875,
    "3": 11.34179497,
    "4": 11.33806515,
    "5": 11.31247807,
    "6": 11.24105740,
    "7": 11.21078777,
    "8": 10.96001244,
    "9": 10.86831951,
    "10": 10.05375671
}